checkpoint,EM,F1
qa_model_epoch_10.pt,7.346938775510205,15.14196008073559
qa_model_epoch_15.pt,7.755102040816326,16.124139893205413
qa_model_epoch_5.pt,6.802721088435375,15.616294752707214
