checkpoint,EM,F1
qa_model_epoch_5.pt,10.476190476190476,21.38861560830348
