checkpoint,EM,F1
qa_model_epoch_10.pt,6.122448979591836,14.748026194604824
qa_model_epoch_15.pt,6.530612244897959,13.95279272185824
qa_model_epoch_5.pt,6.258503401360545,13.91401062589538
