epoch,em,f1,start_f1,end_f1
10,7.482993197278912,21.88366534517593,8.712010716920313,13.879416714809139
15,6.530612244897959,19.558629049812012,8.044300371191596,11.051272542998351
20,4.8979591836734695,17.05749931814055,7.329916642059538,9.012670229225249
25,5.3061224489795915,17.232137939049476,6.624520766201012,11.272465249683624
30,5.034013605442176,17.375827273783116,6.609026989057412,11.210439556198198
5,7.07482993197279,21.57026847749616,8.301857272203142,12.451085062545896
