checkpoint,EM,F1
qa_model_epoch_10.pt,6.515580736543909,12.924011221794924
qa_model_epoch_15.pt,9.631728045325778,16.629172915625173
qa_model_epoch_20.pt,5.94900849858357,13.571031812158289
qa_model_epoch_25.pt,8.21529745042493,15.384982733757937
qa_model_epoch_5.pt,7.64872521246459,15.72696212672883
