epoch,em,f1,start_f1,end_f1
10,3.2653061224489797,13.770475632151118,3.903491849091993,8.422869689667362
15,3.8095238095238098,13.330937909050716,4.128759362665877,8.5910316294306
20,4.081632653061225,14.081511219668183,4.656898326438937,9.017900991880431
25,4.081632653061225,13.997610866555407,3.997439144909002,7.944833619434405
30,3.8095238095238098,13.426463027520805,3.5525993626680115,8.248992666358827
5,5.578231292517007,15.966996528500108,4.619060806211221,12.524597841153431
