checkpoint,EM,F1
qa_model_epoch_10.pt,6.802721088435375,15.404387950037787
qa_model_epoch_15.pt,7.210884353741497,15.52413519520362
qa_model_epoch_5.pt,8.299319727891156,16.898557980190635
